{
  "ticket": 253308985,
  "initial_sl": 4522.304393871144,
  "max_favorable": 0.0,
  "protection_stage": 0,
  "entry_price": 0.0,
  "side": "SHORT",
  "saved_at": "2026-03-30T02:45:03.285829+00:00"
}